name,start,end,size
f_334c64,0x334c64,0x334ca0,60
f_335a08,0x335a08,0x336018,1552
f_336084,0x336084,0x3360b0,44
f_3378d4,0x3378d4,0x337900,44
f_337958,0x337958,0x337998,64
f_338f5c,0x338f5c,0x339610,1716
f_33ac80,0x33ac80,0x33acb0,48
f_33b958,0x33b958,0x33bb28,464
f_33e1f4,0x33e1f4,0x33e9a0,1964
f_33f74c,0x33f74c,0x33f778,44
f_341380,0x341380,0x3416c8,840
f_341e08,0x341e08,0x341e40,56
f_3448d0,0x3448d0,0x3455a8,3288
f_34c0d8,0x34c0d8,0x34d368,4752
f_351ccc,0x351ccc,0x351cf8,44
f_3540c0,0x3540c0,0x3549f8,2360
f_356fc4,0x356fc4,0x357b78,2996
f_358b60,0x358b60,0x358b88,40
f_358fbc,0x358fbc,0x358fe8,44
f_3594f4,0x3594f4,0x359540,76
f_35958c,0x35958c,0x3595d8,76
f_359898,0x359898,0x359998,256
f_359a68,0x359a68,0x359b38,208
f_359b5c,0x359b5c,0x359c98,316
f_359d60,0x359d60,0x359d88,40
f_359de8,0x359de8,0x359f80,408
f_35a838,0x35a838,0x35a858,32
f_35a89c,0x35a89c,0x35a940,164
f_35abf4,0x35abf4,0x35adb0,444
f_35b974,0x35b974,0x35ba30,188
f_35d660,0x35d660,0x35d698,56
f_35f810,0x35f810,0x360338,2856
f_362f5c,0x362f5c,0x363750,2036
f_363878,0x363878,0x3638a0,40
f_364da8,0x364da8,0x364de8,64
f_367310,0x367310,0x3673f8,232
f_367468,0x367468,0x368068,3072
f_36c610,0x36c610,0x36cd30,1824
f_36fc00,0x36fc00,0x3707e0,3040
f_372f1c,0x372f1c,0x373358,1084
f_3738bc,0x3738bc,0x3738e8,44
f_374a00,0x374a00,0x375238,2104
f_375d78,0x375d78,0x375da0,40
f_376a04,0x376a04,0x3773a8,2468
f_378988,0x378988,0x378ba0,536
f_379730,0x379730,0x379758,40
f_379fdc,0x379fdc,0x37a060,132
f_37aa7c,0x37aa7c,0x37aff8,1404
f_37b614,0x37b614,0x37b640,44
f_37b86c,0x37b86c,0x37b898,44
f_37c1c0,0x37c1c0,0x37cbc0,2560
f_37e1dc,0x37e1dc,0x37e3f8,540
f_37ec54,0x37ec54,0x37ec80,44
f_37f590,0x37f590,0x37f5f8,104
f_380154,0x380154,0x380210,188
f_3804bc,0x3804bc,0x380550,148
f_382bd4,0x382bd4,0x383698,2756
f_384e58,0x384e58,0x384e80,40
f_38523c,0x38523c,0x385268,44
f_385b3c,0x385b3c,0x386588,2636
f_3878b8,0x3878b8,0x387900,72
f_388010,0x388010,0x388618,1544
f_388d44,0x388d44,0x388d70,44
f_38975c,0x38975c,0x389bf0,1172
f_38a15c,0x38a15c,0x38a188,44
f_38ab24,0x38ab24,0x38b418,2292
f_390114,0x390114,0x390140,44
f_390184,0x390184,0x3901b0,44
f_391a50,0x391a50,0x391b70,288
f_392030,0x392030,0x3920b0,128
f_3920f4,0x3920f4,0x392120,44
f_392164,0x392164,0x392190,44
f_39288c,0x39288c,0x392a30,420
f_393c7c,0x393c7c,0x393ca8,44
f_393d48,0x393d48,0x395e30,8424
f_3994dc,0x3994dc,0x399730,596
f_399a2c,0x399a2c,0x399a58,44
f_39a7a4,0x39a7a4,0x39a978,468
f_39aae0,0x39aae0,0x39c550,6768
f_39c6bc,0x39c6bc,0x39c6e8,44
f_39ebb0,0x39ebb0,0x39ec00,80
f_39ec84,0x39ec84,0x39ecf0,108
f_39f00c,0x39f00c,0x39f088,124
f_39f0b8,0x39f0b8,0x39f140,136
f_39f170,0x39f170,0x39f1f8,136
f_39f374,0x39f374,0x39f410,156
f_3a050c,0x3a050c,0x3a0750,580
f_3a38cc,0x3a38cc,0x3a59f0,8484
f_3a5c70,0x3a5c70,0x3a5c98,40
f_3a6284,0x3a6284,0x3a62f8,116
f_3a6354,0x3a6354,0x3a63c8,116
f_3a6424,0x3a6424,0x3a64f0,204
f_3a6514,0x3a6514,0x3a6560,76
f_3a6720,0x3a6720,0x3a67a0,128
f_3a67e4,0x3a67e4,0x3a6820,60
f_3a6844,0x3a6844,0x3a6870,44
f_3a68d4,0x3a68d4,0x3a6930,92
f_3a69ec,0x3a69ec,0x3a6a10,36
f_3a6a60,0x3a6a60,0x3a6b00,160
f_3a6b34,0x3a6b34,0x3a6b90,92
f_3a6bdc,0x3a6bdc,0x3a6c30,84
f_3a6db8,0x3a6db8,0x3a6e88,208
f_3a7020,0x3a7020,0x3a7048,40
f_3a745c,0x3a745c,0x3a74c8,108
f_3a75d8,0x3a75d8,0x3a7820,584
f_3a786c,0x3a786c,0x3a78c0,84
f_3a7910,0x3a7910,0x3a7968,88
f_3a7994,0x3a7994,0x3a79f8,100
f_3a7a38,0x3a7a38,0x3a7a60,40
f_3a7ae8,0x3a7ae8,0x3a7b40,88
f_3a7e30,0x3a7e30,0x3a7ed8,168
f_3a7f28,0x3a7f28,0x3a7f80,88
f_3a8024,0x3a8024,0x3a83e8,964
f_3a8428,0x3a8428,0x3a8488,96
f_3a84e8,0x3a84e8,0x3a8510,40
f_3a9490,0x3a9490,0x3a9548,184
f_3a9ac0,0x3a9ac0,0x3a9b48,136
f_3a9b8c,0x3a9b8c,0x3a9bc8,60
f_3a9c9c,0x3a9c9c,0x3a9d10,116
f_3a9d6c,0x3a9d6c,0x3a9dc0,84
f_3aaf30,0x3aaf30,0x3aaf50,32
f_3ab3c0,0x3ab3c0,0x3ab428,104
f_3ab4a0,0x3ab4a0,0x3ab640,416
f_3ab6ac,0x3ab6ac,0x3ab700,84
f_3ab758,0x3ab758,0x3ab780,40
f_3ab9b8,0x3ab9b8,0x3aba68,176
f_3abae4,0x3abae4,0x3abba0,188
f_3ac094,0x3ac094,0x3ac440,940
f_3ac4a4,0x3ac4a4,0x3ac500,92
f_3ac5bc,0x3ac5bc,0x3ac5e0,36
f_3ac63c,0x3ac63c,0x3ac6e8,172
f_3ac720,0x3ac720,0x3ac780,96
f_3ac7cc,0x3ac7cc,0x3ac820,84
f_3aca24,0x3aca24,0x3acae0,188
f_3acb84,0x3acb84,0x3acc00,124
f_3acc58,0x3acc58,0x3accb0,88
f_3acce8,0x3acce8,0x3acdb8,208
f_3ad874,0x3ad874,0x3ad918,164
f_3ad960,0x3ad960,0x3ad988,40
f_3ae61c,0x3ae61c,0x3ae648,44
f_3af2c8,0x3af2c8,0x3af2f0,40
f_3af3d4,0x3af3d4,0x3af458,132
f_3af488,0x3af488,0x3af4b0,40
f_3af4e8,0x3af4e8,0x3af540,88
f_3af578,0x3af578,0x3af628,176
f_3af6ec,0x3af6ec,0x3af720,52
f_3af7a8,0x3af7a8,0x3af800,88
f_3af888,0x3af888,0x3af898,16
f_3af8d4,0x3af8d4,0x3af960,140
f_3afa60,0x3afa60,0x3afa70,16
f_3afa90,0x3afa90,0x3afaf8,104
f_3b0334,0x3b0334,0x3b0680,844
f_3b0c04,0x3b0c04,0x3b0c20,28
